"W1","W2","AC","W_mid","baseline_choice"
11386.0166449458,1.6,14386.6897279833,3.74653378332899,3
11985.2806788904,1.3,14386.6897279833,3.74653378332899,3
13012.5904513667,0.75,14386.6897279833,3.74653378332899,3
14232.5208061823,0.1,14386.6897279833,3.74653378332899,3
14386.6897279833,0,14386.6897279833,3.74653378332899,3
